series,total count
chat generated - none,47
chat generated - laptops,15
chat generated - snowboards,8
chat generated - best products for health and beauty niche for shopify shop in netherland,4
chat generated - guitars,4
chat generated - t shirt ,4
chat generated - a mop for 1 bedroom apartment,3
chat generated - laptop,3
chat generated - anima t shirt ,2
chat generated - trimmer,2
chat generated - wireless or bluetooth projector,1
chat generated - women,1
chat generated - women like ,1
chat generated - yooper rocks,1
chat generated - yupper rocks,1
chat generated - 华强北 ,1
chat generated - 我想买一个烤箱,1
chat generated - 我想买一个电冰箱,1
chat generated - 我想买一个电水壶,1
chat generated - 我想买一台手机,1
chat generated - 我想要买咖啡,1
chat generated - 相机,1
chat generated - 笔记本,1
chat generated - 萝卜干,1
chat generated - 蓝牙耳机,1
chat generated - short,1
chat generated - shows,1
chat generated - silicone e-cig sleeve on amazon.com,1
chat generated - sitz bath,1
chat generated - smartphone,1
chat generated - smoking bong on amazon.com which is currently unavailable,1
chat generated - smoking bongs on amazon.com,1
chat generated - sunshine glass for child,1
chat generated - tablet,1
chat generated - technologie gadjet,1
chat generated - tent,1
chat generated - toshiba tv,1
chat generated - trainers,1
chat generated - trending anima tshirt,1
chat generated - trending grasphic,1
chat generated - trending tshirt ,1
chat generated - trending wallpaper ,1
chat generated - trip to São Sebastião - SP Brazil,1
chat generated - tshirt,1
"chat generated - ultra portable coffee maker for office desk, sleek, minimalist, convinient",1
chat generated - un produit ganiant,1
chat generated - underwater camera,1
chat generated - usb c dock,1
chat generated - vacuum cleaner,1
chat generated - webcam lights,1
chat generated - phone s20 ultra 5g,1
chat generated - pink ,1
chat generated - plastic blue file folders,1
chat generated - portable blender,1
chat generated - poster ,1
chat generated - powerbank,1
chat generated - professional laptop design,1
chat generated - protein powder,1
chat generated - python 3,1
chat generated - rasberry pi 4,1
chat generated - revit flare 2,1
chat generated - robot mop,1
chat generated - robot vacuum cleaner,1
chat generated - rockport shoos,1
chat generated - rolex,1
chat generated - room decor,1
chat generated - room decor Indochine,1
chat generated - rosemary spray italy,1
chat generated - rosmary italy,1
chat generated - rosmary spray,1
chat generated - running shoes,1
chat generated - shiva ,1
chat generated - shiva picture,1
chat generated - shiva tshirt ,1
chat generated - shoe,1
chat generated - loafer,1
chat generated - long throw projector ,1
chat generated - luxury handbag,1
chat generated - marantz cinema 60,1
chat generated - marine binocular,1
chat generated - meditation chair,1
chat generated - men shoes for long-distance running under 100 $,1
chat generated - mini fridge,1
chat generated - mini fridge that locks,1
chat generated - mini fridge with a lock,1
chat generated - mini refrigerator ,1
chat generated - mobile,1
chat generated - mobile phone,1
chat generated - moto jacket,1
chat generated - máy hút bụi,1
chat generated - nepal tshirt ,1
chat generated - outdoor fridge with built-in lock,1
chat generated - outdoor sink,1
chat generated - padel acessories,1
chat generated - pattern,1
chat generated - pattern wallpaper ,1
chat generated - pc,1
chat generated - pen,1
chat generated - perfume,1
chat generated - phone,1
chat generated - hand tools,1
chat generated - hanger ,1
chat generated - harry potter Quidditch costum,1
chat generated - harry potter costume,1
chat generated - hi,1
chat generated - honda accord,1
chat generated - hoodies,1
chat generated - https://www.amazon.com/gp/slredirect/picassoRedirect.html/ref=pa_sp_atf_aps_sr_pg1_1?ie=UTF8&adId=A00467343FH77BNYYYF9&qualifier=1676446653&id=612031476296198&widgetName=sp_atf&url=%2FGarmin-Venu%25C2%25AE-Smartwatch-Monitoring-Long-Lasting%2Fdp%2FB0B5VVJ6FQ%2Fref%3Dsr_1_1_sspa%3Fkeywords%3Dactivity%2Btrackers%2Band%2Bsmartwatches%26pd_rd_r%3Db8cfe019-f6f9-433f-a474-f2122953269b%26pd_rd_w%3DGov7h%26pd_rd_wg%3DN8xru%26pf_rd_p%3D33f8f65b-b95c-44af-8b89-e59e69e79828%26pf_rd_r%3DGNZ65PM1KNJPMEJ9G61X%26qid%3D1676446653%26sr%3D8-1-spons%26psc%3D1,1
chat generated - i want to buy a diamon engagement ring,1
chat generated - i want to try a self-guided tour,1
chat generated - ice cream scoop,1
chat generated - ink marker,1
chat generated - ipad,1
chat generated - iphone 14 pro max cases,1
chat generated - jeans,1
chat generated - jeans for man,1
chat generated - kitchen tap,1
chat generated - książkę o pieniadzach,1
chat generated - ladies tsirt ,1
chat generated - laping paper,1
chat generated - laping paper sheets,1
chat generated - laptop for architecture,1
chat generated - laptop gamer,1
chat generated - laptop under rs 70k,1
chat generated - living in qatar i am looking for Siemens EV Charger for my EV,1
chat generated - dvr,1
chat generated - e-cig from amazon.com,1
chat generated - e-cig sleeve on amazon.com,1
chat generated - e-cig sleeves on amazon.com,1
chat generated - electric car,1
chat generated - elliptical machien,1
chat generated - elliptical machine,1
chat generated - face product acne rosacia,1
chat generated - fishing gear,1
chat generated - floral design tshirt ,1
chat generated - ford expedition,1
chat generated - galaxy s23,1
chat generated - gaming keyboard,1
chat generated - gaming laptop,1
chat generated - gift for 50 years for father in law,1
chat generated - gifts for mother-in-law,1
chat generated - girl,1
chat generated - glasses,1
chat generated - golf club,1
chat generated - graphic ,1
chat generated - graphic halfpant ,1
chat generated - graphic short ,1
chat generated - graphic tshirt ,1
chat generated - grip strength,1
chat generated - gym mat,1
chat generated - camera,1
chat generated - car cleaning brush,1
chat generated - cartoon trending t shirt ,1
chat generated - casual pants,1
chat generated - cheap shop vacuum,1
chat generated - cheapest bluetooht mouse,1
chat generated - coffe machine,1
chat generated - coffee maker,1
chat generated - coloring book ,1
chat generated - computer,1
chat generated - converse keds for women,1
chat generated - cooking,1
chat generated - cool tshirt ,1
chat generated - core i5 laptop,1
chat generated - cosmetics,1
chat generated - couch,1
chat generated - dc brushless motor 3000W,1
chat generated - dehumidifer,1
chat generated - designer handbag,1
chat generated - desk for computer,1
chat generated - dji mini 3,1
chat generated - docking station for my laptop,1
chat generated - drawing pen display tablets below 35000,1
chat generated - dress,1
chat generated - dresser,1
chat generated - a mob for 1 bedroom apartment,1
"chat generated - a trip to chapada dos veadeiros, brazil - with hotel and flight",1
chat generated - aktien,1
chat generated - an inexpensive wireless mechanical keyboard,1
chat generated - anima tshirt ,1
chat generated - anime girl weeb real not fake,1
chat generated - apple watch,1
chat generated - apron with truck patterns,1
chat generated - art tshirt ,1
chat generated - ayakkabı,1
chat generated - backpack,1
chat generated - bag,1
chat generated - band tshirt ,1
chat generated - basketbal,1
chat generated - bass guitar,1
chat generated - bike,1
chat generated - binoculars for boaters,1
chat generated - bluetooth portable box,1
chat generated - book ,1
chat generated - book for kids,1
chat generated - boots,1
chat generated - boule de reve,1
chat generated - brushless motor 2500W,1
chat generated - budget 16 core laptop\\,1
chat generated - budget smartphone with good specs,1
chat generated - Phones,1
chat generated - Photography courses,1
chat generated - Quidditch gloves,1
chat generated - Robot Vacuum and mop,1
chat generated - Rosemary Spray,1
chat generated - Samsung SSD,1
chat generated - Samsung s20fe,1
chat generated - Shiva T-shirt ,1
chat generated - Shiva god T-shirt ,1
chat generated - Ski,1
chat generated - Slim fit shirts,1
chat generated - SmarPhones ,1
chat generated - Smart phone no camera,1
chat generated - Smart vacuum ,1
chat generated - Smart watch,1
chat generated - Subscription model,1
chat generated - Subscription model ,1
chat generated - Veneers,1
chat generated - Warhammer 40k army ,1
chat generated - Watch straps leather handmade,1
chat generated - White Bagasse Canape Spoon,1
chat generated - Wig,1
chat generated - a 30000 mah powerbank for travaling,1
chat generated - a book on how to make a lot of money,1
chat generated - a couch game for couples,1
chat generated - I am looking for a wallbox ev charger for my Audi ,1
chat generated - I need a good computer for gaming,1
"chat generated - I need a notebook for gaming, cost 1000 usd maximum",1
"chat generated - I need a notebook for gaming, cost 1000 usd maximum, with screen 144hz",1
chat generated - I need a vacuum that can handle huge amounts of pet hair on carpet and furniture,1
chat generated - I want to buy a desktop that can run Warhammer 3 for the least amount of money. ,1
chat generated - I want to buy a desktop that can run warhammer 3,1
chat generated - I'm looking for a Warhammer 40k custody army to build on a budget where I get a model every week,1
chat generated - I'm looking for a graphic short,1
chat generated - IPHONE,1
chat generated - Ipad air 5 case,1
chat generated - Jamstik,1
chat generated - Kayali Lovefest Burning Cherry Perfume,1
chat generated - Kid’s tablet ,1
chat generated - Laptop,1
chat generated - Laptops,1
chat generated - Mandolim,1
chat generated - Mattress,1
chat generated - Microphone,1
chat generated - Microwave ,1
chat generated - Oversized T-shit,1
chat generated - PC,1
chat generated - PC HP,1
chat generated - Pen tablet,1
chat generated - Phone,1
chat generated - Bra,1
chat generated - Bếp điện từ hồng ngoại hai đầu ,1
chat generated - Can you give me a step-by-step buying guide that is spread out weekly for a custodies army,1
chat generated - Car brush,1
chat generated - Chair for home office,1
chat generated - Cisco CCNP free,1
chat generated - Clothes ,1
chat generated - Coffee maker,1
chat generated - Computer,1
chat generated - Darts,1
chat generated - Dental veneers ,1
"chat generated - Design a battery swapping station that is capable of carrying nine 72V 60AH lithium ion batteries, the station will have a touch screen The battery swapping station would be designed to hold nine 72V 60AH batteries and be equipped with a touch screen. The station would have a secure locking system to prevent unauthorized access and protect the batteries. The station would be designed with a sturdy base that is made of steel and is able to support the weight of the batteries. The station would have a digital display that can display the status of the batteries and provide real-time information about their charge levels. The station would also be equipped with an automatic charging system which would allow for simultaneous charging of all nine batteries. The touch screen would be used to control the station, allowing users to select which batteries to charge and monitor their charge levels. The station would also have an automated safety system that would prevent overcharging of the batteries.",1
chat generated - Disheasher,1
chat generated - Dishwasher,1
chat generated - Docking station for my HP Laptop ,1
chat generated - Einhell TC-AC 200/30/8 OF Compressore,1
chat generated - Find me a smoking bong which is currently unavailable on amazon.com,1
chat generated - Find smoking bong on amazon.com,1
chat generated - Floor Lamps,1
"chat generated - For sharpening knives, assorted grades, Lapping paper sheets , for very hard steel",1
chat generated - Golf balls,1
chat generated - Golf driver,1
chat generated - HP laptop 13th genaration,1
chat generated - Handys,1
chat generated - Hybrid cars,1
chat generated -  Attress,1
chat generated - 5,1
chat generated - Apple TV remote,1
chat generated - Art,1
chat generated - Barefoot Shoes,1
chat generated - Battery Swapping Stations,1
chat generated - Best phones for future uses,1
chat generated - Bicycle ,1
